Accuracy,Precision,Recall,F1 Score
0.998,0.0625,0.038461538461538464,0.047619047619047616
